source,policy,unit,stage,passed,denominator,rate
C3,aligned,archived_candidate_slot,J0,1500,1500,1.0
C3,aligned,archived_candidate_slot,J1,1300,1500,0.8666666666666667
C3,aligned,archived_candidate_slot,J2,1018,1500,0.6786666666666666
C3,aligned,archived_candidate_slot,J3,600,1500,0.4
C3,aligned,archived_candidate_slot,J4,550,1500,0.36666666666666664
C3,aligned,archived_candidate_slot,J5,550,1500,0.36666666666666664
C3,mask_signature:bound_relation,archived_candidate_slot,J0,1500,1500,1.0
C3,mask_signature:bound_relation,archived_candidate_slot,J1,1350,1500,0.9
C3,mask_signature:bound_relation,archived_candidate_slot,J2,1100,1500,0.7333333333333333
C3,mask_signature:bound_relation,archived_candidate_slot,J3,500,1500,0.3333333333333333
C3,mask_signature:bound_relation,archived_candidate_slot,J4,500,1500,0.3333333333333333
C3,mask_signature:bound_relation,archived_candidate_slot,J5,500,1500,0.3333333333333333
C3,mask_signature:multi_argument_function,archived_candidate_slot,J0,1500,1500,1.0
C3,mask_signature:multi_argument_function,archived_candidate_slot,J1,1300,1500,0.8666666666666667
C3,mask_signature:multi_argument_function,archived_candidate_slot,J2,1018,1500,0.6786666666666666
C3,mask_signature:multi_argument_function,archived_candidate_slot,J3,500,1500,0.3333333333333333
C3,mask_signature:multi_argument_function,archived_candidate_slot,J4,450,1500,0.3
C3,mask_signature:multi_argument_function,archived_candidate_slot,J5,450,1500,0.3
C3,mask_signature:relation_arity_3,archived_candidate_slot,J0,1500,1500,1.0
C3,mask_signature:relation_arity_3,archived_candidate_slot,J1,1200,1500,0.8
C3,mask_signature:relation_arity_3,archived_candidate_slot,J2,918,1500,0.612
C3,mask_signature:relation_arity_3,archived_candidate_slot,J3,500,1500,0.3333333333333333
C3,mask_signature:relation_arity_3,archived_candidate_slot,J4,450,1500,0.3
C3,mask_signature:relation_arity_3,archived_candidate_slot,J5,450,1500,0.3
C3,mask_signature:self_composed_function,archived_candidate_slot,J0,1500,1500,1.0
C3,mask_signature:self_composed_function,archived_candidate_slot,J1,1350,1500,0.9
C3,mask_signature:self_composed_function,archived_candidate_slot,J2,1186,1500,0.7906666666666666
C3,mask_signature:self_composed_function,archived_candidate_slot,J3,550,1500,0.36666666666666664
C3,mask_signature:self_composed_function,archived_candidate_slot,J4,500,1500,0.3333333333333333
C3,mask_signature:self_composed_function,archived_candidate_slot,J5,500,1500,0.3333333333333333
C3,mask_signature:shared_rule_binding,archived_candidate_slot,J0,1500,1500,1.0
C3,mask_signature:shared_rule_binding,archived_candidate_slot,J1,1300,1500,0.8666666666666667
C3,mask_signature:shared_rule_binding,archived_candidate_slot,J2,1018,1500,0.6786666666666666
C3,mask_signature:shared_rule_binding,archived_candidate_slot,J3,550,1500,0.36666666666666664
C3,mask_signature:shared_rule_binding,archived_candidate_slot,J4,500,1500,0.3333333333333333
C3,mask_signature:shared_rule_binding,archived_candidate_slot,J5,500,1500,0.3333333333333333
C3,mask_signature:temporally_indexed_recurrence,archived_candidate_slot,J0,1500,1500,1.0
C3,mask_signature:temporally_indexed_recurrence,archived_candidate_slot,J1,1300,1500,0.8666666666666667
C3,mask_signature:temporally_indexed_recurrence,archived_candidate_slot,J2,1018,1500,0.6786666666666666
C3,mask_signature:temporally_indexed_recurrence,archived_candidate_slot,J3,550,1500,0.36666666666666664
C3,mask_signature:temporally_indexed_recurrence,archived_candidate_slot,J4,500,1500,0.3333333333333333
C3,mask_signature:temporally_indexed_recurrence,archived_candidate_slot,J5,500,1500,0.3333333333333333
C3,mask_signature:unobserved_dependency,archived_candidate_slot,J0,1500,1500,1.0
C3,mask_signature:unobserved_dependency,archived_candidate_slot,J1,1245,1500,0.83
C3,mask_signature:unobserved_dependency,archived_candidate_slot,J2,1018,1500,0.6786666666666666
C3,mask_signature:unobserved_dependency,archived_candidate_slot,J3,500,1500,0.3333333333333333
C3,mask_signature:unobserved_dependency,archived_candidate_slot,J4,450,1500,0.3
C3,mask_signature:unobserved_dependency,archived_candidate_slot,J5,450,1500,0.3
C3,mask_signature:unobserved_selector,archived_candidate_slot,J0,1500,1500,1.0
C3,mask_signature:unobserved_selector,archived_candidate_slot,J1,1223,1500,0.8153333333333334
C3,mask_signature:unobserved_selector,archived_candidate_slot,J2,1018,1500,0.6786666666666666
C3,mask_signature:unobserved_selector,archived_candidate_slot,J3,550,1500,0.36666666666666664
C3,mask_signature:unobserved_selector,archived_candidate_slot,J4,500,1500,0.3333333333333333
C3,mask_signature:unobserved_selector,archived_candidate_slot,J5,500,1500,0.3333333333333333
C3,motif_disabled,archived_candidate_slot,J0,1500,1500,1.0
C3,motif_disabled,archived_candidate_slot,J1,1168,1500,0.7786666666666666
C3,motif_disabled,archived_candidate_slot,J2,1168,1500,0.7786666666666666
C3,motif_disabled,archived_candidate_slot,J3,0,1500,0.0
C3,motif_disabled,archived_candidate_slot,J4,0,1500,0.0
C3,motif_disabled,archived_candidate_slot,J5,0,1500,0.0
C3,role_action_blind_binding,archived_candidate_slot,J0,1500,1500,1.0
C3,role_action_blind_binding,archived_candidate_slot,J1,1305,1500,0.87
C3,role_action_blind_binding,archived_candidate_slot,J2,917,1500,0.6113333333333333
C3,role_action_blind_binding,archived_candidate_slot,J3,523,1500,0.3486666666666667
C3,role_action_blind_binding,archived_candidate_slot,J4,497,1500,0.3313333333333333
C3,role_action_blind_binding,archived_candidate_slot,J5,497,1500,0.3313333333333333
C_rand,aligned,archived_candidate_slot,J0,1500,1500,1.0
C_rand,aligned,archived_candidate_slot,J1,1068,1500,0.712
C_rand,aligned,archived_candidate_slot,J2,939,1500,0.626
C_rand,aligned,archived_candidate_slot,J3,111,1500,0.074
C_rand,aligned,archived_candidate_slot,J4,75,1500,0.05
C_rand,aligned,archived_candidate_slot,J5,75,1500,0.05
C_rand,mask_signature:bound_relation,archived_candidate_slot,J0,1500,1500,1.0
C_rand,mask_signature:bound_relation,archived_candidate_slot,J1,1039,1500,0.6926666666666667
C_rand,mask_signature:bound_relation,archived_candidate_slot,J2,991,1500,0.6606666666666666
C_rand,mask_signature:bound_relation,archived_candidate_slot,J3,33,1500,0.022
C_rand,mask_signature:bound_relation,archived_candidate_slot,J4,33,1500,0.022
C_rand,mask_signature:bound_relation,archived_candidate_slot,J5,33,1500,0.022
C_rand,mask_signature:multi_argument_function,archived_candidate_slot,J0,1500,1500,1.0
C_rand,mask_signature:multi_argument_function,archived_candidate_slot,J1,1068,1500,0.712
C_rand,mask_signature:multi_argument_function,archived_candidate_slot,J2,939,1500,0.626
C_rand,mask_signature:multi_argument_function,archived_candidate_slot,J3,99,1500,0.066
C_rand,mask_signature:multi_argument_function,archived_candidate_slot,J4,63,1500,0.042
C_rand,mask_signature:multi_argument_function,archived_candidate_slot,J5,63,1500,0.042
C_rand,mask_signature:relation_arity_3,archived_candidate_slot,J0,1500,1500,1.0
C_rand,mask_signature:relation_arity_3,archived_candidate_slot,J1,1055,1500,0.7033333333333334
C_rand,mask_signature:relation_arity_3,archived_candidate_slot,J2,926,1500,0.6173333333333333
C_rand,mask_signature:relation_arity_3,archived_candidate_slot,J3,98,1500,0.06533333333333333
C_rand,mask_signature:relation_arity_3,archived_candidate_slot,J4,62,1500,0.04133333333333333
C_rand,mask_signature:relation_arity_3,archived_candidate_slot,J5,62,1500,0.04133333333333333
C_rand,mask_signature:self_composed_function,archived_candidate_slot,J0,1500,1500,1.0
C_rand,mask_signature:self_composed_function,archived_candidate_slot,J1,1083,1500,0.722
C_rand,mask_signature:self_composed_function,archived_candidate_slot,J2,1000,1500,0.6666666666666666
C_rand,mask_signature:self_composed_function,archived_candidate_slot,J3,104,1500,0.06933333333333333
C_rand,mask_signature:self_composed_function,archived_candidate_slot,J4,68,1500,0.04533333333333334
C_rand,mask_signature:self_composed_function,archived_candidate_slot,J5,68,1500,0.04533333333333334
C_rand,mask_signature:shared_rule_binding,archived_candidate_slot,J0,1500,1500,1.0
C_rand,mask_signature:shared_rule_binding,archived_candidate_slot,J1,1068,1500,0.712
C_rand,mask_signature:shared_rule_binding,archived_candidate_slot,J2,939,1500,0.626
C_rand,mask_signature:shared_rule_binding,archived_candidate_slot,J3,111,1500,0.074
C_rand,mask_signature:shared_rule_binding,archived_candidate_slot,J4,75,1500,0.05
C_rand,mask_signature:shared_rule_binding,archived_candidate_slot,J5,75,1500,0.05
C_rand,mask_signature:temporally_indexed_recurrence,archived_candidate_slot,J0,1500,1500,1.0
C_rand,mask_signature:temporally_indexed_recurrence,archived_candidate_slot,J1,1068,1500,0.712
C_rand,mask_signature:temporally_indexed_recurrence,archived_candidate_slot,J2,939,1500,0.626
C_rand,mask_signature:temporally_indexed_recurrence,archived_candidate_slot,J3,111,1500,0.074
C_rand,mask_signature:temporally_indexed_recurrence,archived_candidate_slot,J4,75,1500,0.05
C_rand,mask_signature:temporally_indexed_recurrence,archived_candidate_slot,J5,75,1500,0.05
C_rand,mask_signature:unobserved_dependency,archived_candidate_slot,J0,1500,1500,1.0
C_rand,mask_signature:unobserved_dependency,archived_candidate_slot,J1,1067,1500,0.7113333333333334
C_rand,mask_signature:unobserved_dependency,archived_candidate_slot,J2,940,1500,0.6266666666666667
C_rand,mask_signature:unobserved_dependency,archived_candidate_slot,J3,111,1500,0.074
C_rand,mask_signature:unobserved_dependency,archived_candidate_slot,J4,75,1500,0.05
C_rand,mask_signature:unobserved_dependency,archived_candidate_slot,J5,75,1500,0.05
C_rand,mask_signature:unobserved_selector,archived_candidate_slot,J0,1500,1500,1.0
C_rand,mask_signature:unobserved_selector,archived_candidate_slot,J1,1068,1500,0.712
C_rand,mask_signature:unobserved_selector,archived_candidate_slot,J2,939,1500,0.626
C_rand,mask_signature:unobserved_selector,archived_candidate_slot,J3,110,1500,0.07333333333333333
C_rand,mask_signature:unobserved_selector,archived_candidate_slot,J4,74,1500,0.04933333333333333
C_rand,mask_signature:unobserved_selector,archived_candidate_slot,J5,74,1500,0.04933333333333333
C_rand,motif_disabled,archived_candidate_slot,J0,1500,1500,1.0
C_rand,motif_disabled,archived_candidate_slot,J1,1040,1500,0.6933333333333334
C_rand,motif_disabled,archived_candidate_slot,J2,1040,1500,0.6933333333333334
C_rand,motif_disabled,archived_candidate_slot,J3,0,1500,0.0
C_rand,motif_disabled,archived_candidate_slot,J4,0,1500,0.0
C_rand,motif_disabled,archived_candidate_slot,J5,0,1500,0.0
C_rand,role_action_blind_binding,archived_candidate_slot,J0,1500,1500,1.0
C_rand,role_action_blind_binding,archived_candidate_slot,J1,1070,1500,0.7133333333333334
C_rand,role_action_blind_binding,archived_candidate_slot,J2,929,1500,0.6193333333333333
C_rand,role_action_blind_binding,archived_candidate_slot,J3,101,1500,0.06733333333333333
C_rand,role_action_blind_binding,archived_candidate_slot,J4,82,1500,0.05466666666666667
C_rand,role_action_blind_binding,archived_candidate_slot,J5,82,1500,0.05466666666666667
DeepSeek_grammar,aligned,archived_candidate_slot,J0,288,288,1.0
DeepSeek_grammar,aligned,archived_candidate_slot,J1,236,288,0.8194444444444444
DeepSeek_grammar,aligned,archived_candidate_slot,J2,236,288,0.8194444444444444
DeepSeek_grammar,aligned,archived_candidate_slot,J3,21,288,0.07291666666666667
DeepSeek_grammar,aligned,archived_candidate_slot,J4,21,288,0.07291666666666667
DeepSeek_grammar,aligned,archived_candidate_slot,J5,21,288,0.07291666666666667
DeepSeek_grammar,mask_signature:bound_relation,archived_candidate_slot,J0,288,288,1.0
DeepSeek_grammar,mask_signature:bound_relation,archived_candidate_slot,J1,236,288,0.8194444444444444
DeepSeek_grammar,mask_signature:bound_relation,archived_candidate_slot,J2,236,288,0.8194444444444444
DeepSeek_grammar,mask_signature:bound_relation,archived_candidate_slot,J3,21,288,0.07291666666666667
DeepSeek_grammar,mask_signature:bound_relation,archived_candidate_slot,J4,21,288,0.07291666666666667
DeepSeek_grammar,mask_signature:bound_relation,archived_candidate_slot,J5,21,288,0.07291666666666667
DeepSeek_grammar,mask_signature:multi_argument_function,archived_candidate_slot,J0,288,288,1.0
DeepSeek_grammar,mask_signature:multi_argument_function,archived_candidate_slot,J1,236,288,0.8194444444444444
DeepSeek_grammar,mask_signature:multi_argument_function,archived_candidate_slot,J2,236,288,0.8194444444444444
DeepSeek_grammar,mask_signature:multi_argument_function,archived_candidate_slot,J3,0,288,0.0
DeepSeek_grammar,mask_signature:multi_argument_function,archived_candidate_slot,J4,0,288,0.0
DeepSeek_grammar,mask_signature:multi_argument_function,archived_candidate_slot,J5,0,288,0.0
DeepSeek_grammar,mask_signature:relation_arity_3,archived_candidate_slot,J0,288,288,1.0
DeepSeek_grammar,mask_signature:relation_arity_3,archived_candidate_slot,J1,236,288,0.8194444444444444
DeepSeek_grammar,mask_signature:relation_arity_3,archived_candidate_slot,J2,236,288,0.8194444444444444
DeepSeek_grammar,mask_signature:relation_arity_3,archived_candidate_slot,J3,21,288,0.07291666666666667
DeepSeek_grammar,mask_signature:relation_arity_3,archived_candidate_slot,J4,21,288,0.07291666666666667
DeepSeek_grammar,mask_signature:relation_arity_3,archived_candidate_slot,J5,21,288,0.07291666666666667
DeepSeek_grammar,mask_signature:self_composed_function,archived_candidate_slot,J0,288,288,1.0
DeepSeek_grammar,mask_signature:self_composed_function,archived_candidate_slot,J1,236,288,0.8194444444444444
DeepSeek_grammar,mask_signature:self_composed_function,archived_candidate_slot,J2,236,288,0.8194444444444444
DeepSeek_grammar,mask_signature:self_composed_function,archived_candidate_slot,J3,21,288,0.07291666666666667
DeepSeek_grammar,mask_signature:self_composed_function,archived_candidate_slot,J4,21,288,0.07291666666666667
DeepSeek_grammar,mask_signature:self_composed_function,archived_candidate_slot,J5,21,288,0.07291666666666667
DeepSeek_grammar,mask_signature:shared_rule_binding,archived_candidate_slot,J0,288,288,1.0
DeepSeek_grammar,mask_signature:shared_rule_binding,archived_candidate_slot,J1,236,288,0.8194444444444444
DeepSeek_grammar,mask_signature:shared_rule_binding,archived_candidate_slot,J2,236,288,0.8194444444444444
DeepSeek_grammar,mask_signature:shared_rule_binding,archived_candidate_slot,J3,21,288,0.07291666666666667
DeepSeek_grammar,mask_signature:shared_rule_binding,archived_candidate_slot,J4,21,288,0.07291666666666667
DeepSeek_grammar,mask_signature:shared_rule_binding,archived_candidate_slot,J5,21,288,0.07291666666666667
DeepSeek_grammar,mask_signature:temporally_indexed_recurrence,archived_candidate_slot,J0,288,288,1.0
DeepSeek_grammar,mask_signature:temporally_indexed_recurrence,archived_candidate_slot,J1,236,288,0.8194444444444444
DeepSeek_grammar,mask_signature:temporally_indexed_recurrence,archived_candidate_slot,J2,236,288,0.8194444444444444
DeepSeek_grammar,mask_signature:temporally_indexed_recurrence,archived_candidate_slot,J3,21,288,0.07291666666666667
DeepSeek_grammar,mask_signature:temporally_indexed_recurrence,archived_candidate_slot,J4,21,288,0.07291666666666667
DeepSeek_grammar,mask_signature:temporally_indexed_recurrence,archived_candidate_slot,J5,21,288,0.07291666666666667
DeepSeek_grammar,mask_signature:unobserved_dependency,archived_candidate_slot,J0,288,288,1.0
DeepSeek_grammar,mask_signature:unobserved_dependency,archived_candidate_slot,J1,236,288,0.8194444444444444
DeepSeek_grammar,mask_signature:unobserved_dependency,archived_candidate_slot,J2,236,288,0.8194444444444444
DeepSeek_grammar,mask_signature:unobserved_dependency,archived_candidate_slot,J3,21,288,0.07291666666666667
DeepSeek_grammar,mask_signature:unobserved_dependency,archived_candidate_slot,J4,21,288,0.07291666666666667
DeepSeek_grammar,mask_signature:unobserved_dependency,archived_candidate_slot,J5,21,288,0.07291666666666667
DeepSeek_grammar,mask_signature:unobserved_selector,archived_candidate_slot,J0,288,288,1.0
DeepSeek_grammar,mask_signature:unobserved_selector,archived_candidate_slot,J1,236,288,0.8194444444444444
DeepSeek_grammar,mask_signature:unobserved_selector,archived_candidate_slot,J2,236,288,0.8194444444444444
DeepSeek_grammar,mask_signature:unobserved_selector,archived_candidate_slot,J3,21,288,0.07291666666666667
DeepSeek_grammar,mask_signature:unobserved_selector,archived_candidate_slot,J4,21,288,0.07291666666666667
DeepSeek_grammar,mask_signature:unobserved_selector,archived_candidate_slot,J5,21,288,0.07291666666666667
DeepSeek_grammar,motif_disabled,archived_candidate_slot,J0,288,288,1.0
DeepSeek_grammar,motif_disabled,archived_candidate_slot,J1,236,288,0.8194444444444444
DeepSeek_grammar,motif_disabled,archived_candidate_slot,J2,236,288,0.8194444444444444
DeepSeek_grammar,motif_disabled,archived_candidate_slot,J3,0,288,0.0
DeepSeek_grammar,motif_disabled,archived_candidate_slot,J4,0,288,0.0
DeepSeek_grammar,motif_disabled,archived_candidate_slot,J5,0,288,0.0
DeepSeek_grammar,role_action_blind_binding,archived_candidate_slot,J0,288,288,1.0
DeepSeek_grammar,role_action_blind_binding,archived_candidate_slot,J1,236,288,0.8194444444444444
DeepSeek_grammar,role_action_blind_binding,archived_candidate_slot,J2,226,288,0.7847222222222222
DeepSeek_grammar,role_action_blind_binding,archived_candidate_slot,J3,11,288,0.03819444444444445
DeepSeek_grammar,role_action_blind_binding,archived_candidate_slot,J4,11,288,0.03819444444444445
DeepSeek_grammar,role_action_blind_binding,archived_candidate_slot,J5,11,288,0.03819444444444445
