source,policy,family,worlds,successes,jsr,wilson_95_low,wilson_95_high
C3,aligned,causal_ambiguity,50,50,1.0,0.9286524008666414,1.0
C3,aligned,coordinate_transform,50,50,1.0,0.9286524008666414,1.0
C3,aligned,hidden_regimes,50,50,1.0,0.9286524008666414,1.0
C3,aligned,latent_common_cause,50,50,1.0,0.9286524008666414,1.0
C3,aligned,meta_law,50,50,1.0,0.9286524008666414,1.0
C3,aligned,property_to_relation,50,50,1.0,0.9286524008666414,1.0
C3,aligned,state_invention,50,50,1.0,0.9286524008666414,1.0
C3,aligned,triadic_relation_reification,100,100,1.0,0.9630065017930143,1.0
C3,aligned,unification,50,50,1.0,0.9286524008666414,1.0
C3,mask_signature:bound_relation,causal_ambiguity,50,50,1.0,0.9286524008666414,1.0
C3,mask_signature:bound_relation,coordinate_transform,50,50,1.0,0.9286524008666414,1.0
C3,mask_signature:bound_relation,hidden_regimes,50,50,1.0,0.9286524008666414,1.0
C3,mask_signature:bound_relation,latent_common_cause,50,50,1.0,0.9286524008666414,1.0
C3,mask_signature:bound_relation,meta_law,50,50,1.0,0.9286524008666414,1.0
C3,mask_signature:bound_relation,property_to_relation,50,0,0.0,6.938893903907228e-18,0.07134759913335872
C3,mask_signature:bound_relation,state_invention,50,50,1.0,0.9286524008666414,1.0
C3,mask_signature:bound_relation,triadic_relation_reification,100,100,1.0,0.9630065017930143,1.0
C3,mask_signature:bound_relation,unification,50,50,1.0,0.9286524008666414,1.0
C3,mask_signature:multi_argument_function,causal_ambiguity,50,50,1.0,0.9286524008666414,1.0
C3,mask_signature:multi_argument_function,coordinate_transform,50,50,1.0,0.9286524008666414,1.0
C3,mask_signature:multi_argument_function,hidden_regimes,50,50,1.0,0.9286524008666414,1.0
C3,mask_signature:multi_argument_function,latent_common_cause,50,50,1.0,0.9286524008666414,1.0
C3,mask_signature:multi_argument_function,meta_law,50,0,0.0,6.938893903907228e-18,0.07134759913335872
C3,mask_signature:multi_argument_function,property_to_relation,50,50,1.0,0.9286524008666414,1.0
C3,mask_signature:multi_argument_function,state_invention,50,50,1.0,0.9286524008666414,1.0
C3,mask_signature:multi_argument_function,triadic_relation_reification,100,100,1.0,0.9630065017930143,1.0
C3,mask_signature:multi_argument_function,unification,50,50,1.0,0.9286524008666414,1.0
C3,mask_signature:relation_arity_3,causal_ambiguity,50,50,1.0,0.9286524008666414,1.0
C3,mask_signature:relation_arity_3,coordinate_transform,50,50,1.0,0.9286524008666414,1.0
C3,mask_signature:relation_arity_3,hidden_regimes,50,50,1.0,0.9286524008666414,1.0
C3,mask_signature:relation_arity_3,latent_common_cause,50,50,1.0,0.9286524008666414,1.0
C3,mask_signature:relation_arity_3,meta_law,50,50,1.0,0.9286524008666414,1.0
C3,mask_signature:relation_arity_3,property_to_relation,50,50,1.0,0.9286524008666414,1.0
C3,mask_signature:relation_arity_3,state_invention,50,50,1.0,0.9286524008666414,1.0
C3,mask_signature:relation_arity_3,triadic_relation_reification,100,0,0.0,3.469446951953614e-18,0.03699349820698568
C3,mask_signature:relation_arity_3,unification,50,50,1.0,0.9286524008666414,1.0
C3,mask_signature:self_composed_function,causal_ambiguity,50,50,1.0,0.9286524008666414,1.0
C3,mask_signature:self_composed_function,coordinate_transform,50,0,0.0,6.938893903907228e-18,0.07134759913335872
C3,mask_signature:self_composed_function,hidden_regimes,50,50,1.0,0.9286524008666414,1.0
C3,mask_signature:self_composed_function,latent_common_cause,50,50,1.0,0.9286524008666414,1.0
C3,mask_signature:self_composed_function,meta_law,50,50,1.0,0.9286524008666414,1.0
C3,mask_signature:self_composed_function,property_to_relation,50,50,1.0,0.9286524008666414,1.0
C3,mask_signature:self_composed_function,state_invention,50,50,1.0,0.9286524008666414,1.0
C3,mask_signature:self_composed_function,triadic_relation_reification,100,100,1.0,0.9630065017930143,1.0
C3,mask_signature:self_composed_function,unification,50,50,1.0,0.9286524008666414,1.0
C3,mask_signature:shared_rule_binding,causal_ambiguity,50,50,1.0,0.9286524008666414,1.0
C3,mask_signature:shared_rule_binding,coordinate_transform,50,50,1.0,0.9286524008666414,1.0
C3,mask_signature:shared_rule_binding,hidden_regimes,50,50,1.0,0.9286524008666414,1.0
C3,mask_signature:shared_rule_binding,latent_common_cause,50,50,1.0,0.9286524008666414,1.0
C3,mask_signature:shared_rule_binding,meta_law,50,50,1.0,0.9286524008666414,1.0
C3,mask_signature:shared_rule_binding,property_to_relation,50,50,1.0,0.9286524008666414,1.0
C3,mask_signature:shared_rule_binding,state_invention,50,50,1.0,0.9286524008666414,1.0
C3,mask_signature:shared_rule_binding,triadic_relation_reification,100,100,1.0,0.9630065017930143,1.0
C3,mask_signature:shared_rule_binding,unification,50,50,1.0,0.9286524008666414,1.0
C3,mask_signature:temporally_indexed_recurrence,causal_ambiguity,50,50,1.0,0.9286524008666414,1.0
C3,mask_signature:temporally_indexed_recurrence,coordinate_transform,50,50,1.0,0.9286524008666414,1.0
C3,mask_signature:temporally_indexed_recurrence,hidden_regimes,50,50,1.0,0.9286524008666414,1.0
C3,mask_signature:temporally_indexed_recurrence,latent_common_cause,50,50,1.0,0.9286524008666414,1.0
C3,mask_signature:temporally_indexed_recurrence,meta_law,50,50,1.0,0.9286524008666414,1.0
C3,mask_signature:temporally_indexed_recurrence,property_to_relation,50,50,1.0,0.9286524008666414,1.0
C3,mask_signature:temporally_indexed_recurrence,state_invention,50,0,0.0,6.938893903907228e-18,0.07134759913335872
C3,mask_signature:temporally_indexed_recurrence,triadic_relation_reification,100,100,1.0,0.9630065017930143,1.0
C3,mask_signature:temporally_indexed_recurrence,unification,50,50,1.0,0.9286524008666414,1.0
C3,mask_signature:unobserved_dependency,causal_ambiguity,50,0,0.0,6.938893903907228e-18,0.07134759913335872
C3,mask_signature:unobserved_dependency,coordinate_transform,50,50,1.0,0.9286524008666414,1.0
C3,mask_signature:unobserved_dependency,hidden_regimes,50,50,1.0,0.9286524008666414,1.0
C3,mask_signature:unobserved_dependency,latent_common_cause,50,0,0.0,6.938893903907228e-18,0.07134759913335872
C3,mask_signature:unobserved_dependency,meta_law,50,50,1.0,0.9286524008666414,1.0
C3,mask_signature:unobserved_dependency,property_to_relation,50,50,1.0,0.9286524008666414,1.0
C3,mask_signature:unobserved_dependency,state_invention,50,50,1.0,0.9286524008666414,1.0
C3,mask_signature:unobserved_dependency,triadic_relation_reification,100,100,1.0,0.9630065017930143,1.0
C3,mask_signature:unobserved_dependency,unification,50,50,1.0,0.9286524008666414,1.0
C3,mask_signature:unobserved_selector,causal_ambiguity,50,50,1.0,0.9286524008666414,1.0
C3,mask_signature:unobserved_selector,coordinate_transform,50,50,1.0,0.9286524008666414,1.0
C3,mask_signature:unobserved_selector,hidden_regimes,50,0,0.0,6.938893903907228e-18,0.07134759913335872
C3,mask_signature:unobserved_selector,latent_common_cause,50,50,1.0,0.9286524008666414,1.0
C3,mask_signature:unobserved_selector,meta_law,50,50,1.0,0.9286524008666414,1.0
C3,mask_signature:unobserved_selector,property_to_relation,50,50,1.0,0.9286524008666414,1.0
C3,mask_signature:unobserved_selector,state_invention,50,50,1.0,0.9286524008666414,1.0
C3,mask_signature:unobserved_selector,triadic_relation_reification,100,100,1.0,0.9630065017930143,1.0
C3,mask_signature:unobserved_selector,unification,50,50,1.0,0.9286524008666414,1.0
C3,motif_disabled,causal_ambiguity,50,0,0.0,6.938893903907228e-18,0.07134759913335872
C3,motif_disabled,coordinate_transform,50,0,0.0,6.938893903907228e-18,0.07134759913335872
C3,motif_disabled,hidden_regimes,50,0,0.0,6.938893903907228e-18,0.07134759913335872
C3,motif_disabled,latent_common_cause,50,0,0.0,6.938893903907228e-18,0.07134759913335872
C3,motif_disabled,meta_law,50,0,0.0,6.938893903907228e-18,0.07134759913335872
C3,motif_disabled,property_to_relation,50,0,0.0,6.938893903907228e-18,0.07134759913335872
C3,motif_disabled,state_invention,50,0,0.0,6.938893903907228e-18,0.07134759913335872
C3,motif_disabled,triadic_relation_reification,100,0,0.0,3.469446951953614e-18,0.03699349820698568
C3,motif_disabled,unification,50,0,0.0,6.938893903907228e-18,0.07134759913335872
C3,role_action_blind_binding,causal_ambiguity,50,50,1.0,0.9286524008666414,1.0
C3,role_action_blind_binding,coordinate_transform,50,50,1.0,0.9286524008666414,1.0
C3,role_action_blind_binding,hidden_regimes,50,26,0.52,0.38511744890044614,0.6520286471342196
C3,role_action_blind_binding,latent_common_cause,50,50,1.0,0.9286524008666414,1.0
C3,role_action_blind_binding,meta_law,50,21,0.42,0.2937500335471198,0.5576655823142176
C3,role_action_blind_binding,property_to_relation,50,50,1.0,0.9286524008666414,1.0
C3,role_action_blind_binding,state_invention,50,50,1.0,0.9286524008666414,1.0
C3,role_action_blind_binding,triadic_relation_reification,100,100,1.0,0.9630065017930143,1.0
C3,role_action_blind_binding,unification,50,50,1.0,0.9286524008666414,1.0
C_rand,aligned,causal_ambiguity,50,0,0.0,6.938893903907228e-18,0.07134759913335872
C_rand,aligned,coordinate_transform,50,6,0.12,0.05617600150932274,0.23804817383202992
C_rand,aligned,hidden_regimes,50,1,0.02,0.003539259271646236,0.10495443589637815
C_rand,aligned,latent_common_cause,50,0,0.0,6.938893903907228e-18,0.07134759913335872
C_rand,aligned,meta_law,50,5,0.1,0.04347576493189041,0.21360231437479654
C_rand,aligned,property_to_relation,50,33,0.66,0.521538260502326,0.7756305077749992
C_rand,aligned,state_invention,50,0,0.0,6.938893903907228e-18,0.07134759913335872
C_rand,aligned,triadic_relation_reification,100,13,0.13,0.07757167427240512,0.20980351440076428
C_rand,aligned,unification,50,7,0.14,0.06950833427016294,0.2618619371058554
C_rand,mask_signature:bound_relation,causal_ambiguity,50,0,0.0,6.938893903907228e-18,0.07134759913335872
C_rand,mask_signature:bound_relation,coordinate_transform,50,6,0.12,0.05617600150932274,0.23804817383202992
C_rand,mask_signature:bound_relation,hidden_regimes,50,1,0.02,0.003539259271646236,0.10495443589637815
C_rand,mask_signature:bound_relation,latent_common_cause,50,0,0.0,6.938893903907228e-18,0.07134759913335872
C_rand,mask_signature:bound_relation,meta_law,50,5,0.1,0.04347576493189041,0.21360231437479654
C_rand,mask_signature:bound_relation,property_to_relation,50,0,0.0,6.938893903907228e-18,0.07134759913335872
C_rand,mask_signature:bound_relation,state_invention,50,0,0.0,6.938893903907228e-18,0.07134759913335872
C_rand,mask_signature:bound_relation,triadic_relation_reification,100,13,0.13,0.07757167427240512,0.20980351440076428
C_rand,mask_signature:bound_relation,unification,50,7,0.14,0.06950833427016294,0.2618619371058554
C_rand,mask_signature:multi_argument_function,causal_ambiguity,50,0,0.0,6.938893903907228e-18,0.07134759913335872
C_rand,mask_signature:multi_argument_function,coordinate_transform,50,6,0.12,0.05617600150932274,0.23804817383202992
C_rand,mask_signature:multi_argument_function,hidden_regimes,50,1,0.02,0.003539259271646236,0.10495443589637815
C_rand,mask_signature:multi_argument_function,latent_common_cause,50,0,0.0,6.938893903907228e-18,0.07134759913335872
C_rand,mask_signature:multi_argument_function,meta_law,50,0,0.0,6.938893903907228e-18,0.07134759913335872
C_rand,mask_signature:multi_argument_function,property_to_relation,50,33,0.66,0.521538260502326,0.7756305077749992
C_rand,mask_signature:multi_argument_function,state_invention,50,0,0.0,6.938893903907228e-18,0.07134759913335872
C_rand,mask_signature:multi_argument_function,triadic_relation_reification,100,13,0.13,0.07757167427240512,0.20980351440076428
C_rand,mask_signature:multi_argument_function,unification,50,0,0.0,6.938893903907228e-18,0.07134759913335872
C_rand,mask_signature:relation_arity_3,causal_ambiguity,50,0,0.0,6.938893903907228e-18,0.07134759913335872
C_rand,mask_signature:relation_arity_3,coordinate_transform,50,6,0.12,0.05617600150932274,0.23804817383202992
C_rand,mask_signature:relation_arity_3,hidden_regimes,50,1,0.02,0.003539259271646236,0.10495443589637815
C_rand,mask_signature:relation_arity_3,latent_common_cause,50,0,0.0,6.938893903907228e-18,0.07134759913335872
C_rand,mask_signature:relation_arity_3,meta_law,50,5,0.1,0.04347576493189041,0.21360231437479654
C_rand,mask_signature:relation_arity_3,property_to_relation,50,33,0.66,0.521538260502326,0.7756305077749992
C_rand,mask_signature:relation_arity_3,state_invention,50,0,0.0,6.938893903907228e-18,0.07134759913335872
C_rand,mask_signature:relation_arity_3,triadic_relation_reification,100,0,0.0,3.469446951953614e-18,0.03699349820698568
C_rand,mask_signature:relation_arity_3,unification,50,7,0.14,0.06950833427016294,0.2618619371058554
C_rand,mask_signature:self_composed_function,causal_ambiguity,50,0,0.0,6.938893903907228e-18,0.07134759913335872
C_rand,mask_signature:self_composed_function,coordinate_transform,50,0,0.0,6.938893903907228e-18,0.07134759913335872
C_rand,mask_signature:self_composed_function,hidden_regimes,50,1,0.02,0.003539259271646236,0.10495443589637815
C_rand,mask_signature:self_composed_function,latent_common_cause,50,0,0.0,6.938893903907228e-18,0.07134759913335872
C_rand,mask_signature:self_composed_function,meta_law,50,5,0.1,0.04347576493189041,0.21360231437479654
C_rand,mask_signature:self_composed_function,property_to_relation,50,33,0.66,0.521538260502326,0.7756305077749992
C_rand,mask_signature:self_composed_function,state_invention,50,0,0.0,6.938893903907228e-18,0.07134759913335872
C_rand,mask_signature:self_composed_function,triadic_relation_reification,100,13,0.13,0.07757167427240512,0.20980351440076428
C_rand,mask_signature:self_composed_function,unification,50,7,0.14,0.06950833427016294,0.2618619371058554
C_rand,mask_signature:shared_rule_binding,causal_ambiguity,50,0,0.0,6.938893903907228e-18,0.07134759913335872
C_rand,mask_signature:shared_rule_binding,coordinate_transform,50,6,0.12,0.05617600150932274,0.23804817383202992
C_rand,mask_signature:shared_rule_binding,hidden_regimes,50,1,0.02,0.003539259271646236,0.10495443589637815
C_rand,mask_signature:shared_rule_binding,latent_common_cause,50,0,0.0,6.938893903907228e-18,0.07134759913335872
C_rand,mask_signature:shared_rule_binding,meta_law,50,5,0.1,0.04347576493189041,0.21360231437479654
C_rand,mask_signature:shared_rule_binding,property_to_relation,50,33,0.66,0.521538260502326,0.7756305077749992
C_rand,mask_signature:shared_rule_binding,state_invention,50,0,0.0,6.938893903907228e-18,0.07134759913335872
C_rand,mask_signature:shared_rule_binding,triadic_relation_reification,100,13,0.13,0.07757167427240512,0.20980351440076428
C_rand,mask_signature:shared_rule_binding,unification,50,7,0.14,0.06950833427016294,0.2618619371058554
C_rand,mask_signature:temporally_indexed_recurrence,causal_ambiguity,50,0,0.0,6.938893903907228e-18,0.07134759913335872
C_rand,mask_signature:temporally_indexed_recurrence,coordinate_transform,50,6,0.12,0.05617600150932274,0.23804817383202992
C_rand,mask_signature:temporally_indexed_recurrence,hidden_regimes,50,1,0.02,0.003539259271646236,0.10495443589637815
C_rand,mask_signature:temporally_indexed_recurrence,latent_common_cause,50,0,0.0,6.938893903907228e-18,0.07134759913335872
C_rand,mask_signature:temporally_indexed_recurrence,meta_law,50,5,0.1,0.04347576493189041,0.21360231437479654
C_rand,mask_signature:temporally_indexed_recurrence,property_to_relation,50,33,0.66,0.521538260502326,0.7756305077749992
C_rand,mask_signature:temporally_indexed_recurrence,state_invention,50,0,0.0,6.938893903907228e-18,0.07134759913335872
C_rand,mask_signature:temporally_indexed_recurrence,triadic_relation_reification,100,13,0.13,0.07757167427240512,0.20980351440076428
C_rand,mask_signature:temporally_indexed_recurrence,unification,50,7,0.14,0.06950833427016294,0.2618619371058554
C_rand,mask_signature:unobserved_dependency,causal_ambiguity,50,0,0.0,6.938893903907228e-18,0.07134759913335872
C_rand,mask_signature:unobserved_dependency,coordinate_transform,50,6,0.12,0.05617600150932274,0.23804817383202992
C_rand,mask_signature:unobserved_dependency,hidden_regimes,50,1,0.02,0.003539259271646236,0.10495443589637815
C_rand,mask_signature:unobserved_dependency,latent_common_cause,50,0,0.0,6.938893903907228e-18,0.07134759913335872
C_rand,mask_signature:unobserved_dependency,meta_law,50,5,0.1,0.04347576493189041,0.21360231437479654
C_rand,mask_signature:unobserved_dependency,property_to_relation,50,33,0.66,0.521538260502326,0.7756305077749992
C_rand,mask_signature:unobserved_dependency,state_invention,50,0,0.0,6.938893903907228e-18,0.07134759913335872
C_rand,mask_signature:unobserved_dependency,triadic_relation_reification,100,13,0.13,0.07757167427240512,0.20980351440076428
C_rand,mask_signature:unobserved_dependency,unification,50,7,0.14,0.06950833427016294,0.2618619371058554
C_rand,mask_signature:unobserved_selector,causal_ambiguity,50,0,0.0,6.938893903907228e-18,0.07134759913335872
C_rand,mask_signature:unobserved_selector,coordinate_transform,50,6,0.12,0.05617600150932274,0.23804817383202992
C_rand,mask_signature:unobserved_selector,hidden_regimes,50,0,0.0,6.938893903907228e-18,0.07134759913335872
C_rand,mask_signature:unobserved_selector,latent_common_cause,50,0,0.0,6.938893903907228e-18,0.07134759913335872
C_rand,mask_signature:unobserved_selector,meta_law,50,5,0.1,0.04347576493189041,0.21360231437479654
C_rand,mask_signature:unobserved_selector,property_to_relation,50,33,0.66,0.521538260502326,0.7756305077749992
C_rand,mask_signature:unobserved_selector,state_invention,50,0,0.0,6.938893903907228e-18,0.07134759913335872
C_rand,mask_signature:unobserved_selector,triadic_relation_reification,100,13,0.13,0.07757167427240512,0.20980351440076428
C_rand,mask_signature:unobserved_selector,unification,50,7,0.14,0.06950833427016294,0.2618619371058554
C_rand,motif_disabled,causal_ambiguity,50,0,0.0,6.938893903907228e-18,0.07134759913335872
C_rand,motif_disabled,coordinate_transform,50,0,0.0,6.938893903907228e-18,0.07134759913335872
C_rand,motif_disabled,hidden_regimes,50,0,0.0,6.938893903907228e-18,0.07134759913335872
C_rand,motif_disabled,latent_common_cause,50,0,0.0,6.938893903907228e-18,0.07134759913335872
C_rand,motif_disabled,meta_law,50,0,0.0,6.938893903907228e-18,0.07134759913335872
C_rand,motif_disabled,property_to_relation,50,0,0.0,6.938893903907228e-18,0.07134759913335872
C_rand,motif_disabled,state_invention,50,0,0.0,6.938893903907228e-18,0.07134759913335872
C_rand,motif_disabled,triadic_relation_reification,100,0,0.0,3.469446951953614e-18,0.03699349820698568
C_rand,motif_disabled,unification,50,0,0.0,6.938893903907228e-18,0.07134759913335872
C_rand,role_action_blind_binding,causal_ambiguity,50,0,0.0,6.938893903907228e-18,0.07134759913335872
C_rand,role_action_blind_binding,coordinate_transform,50,6,0.12,0.05617600150932274,0.23804817383202992
C_rand,role_action_blind_binding,hidden_regimes,50,1,0.02,0.003539259271646236,0.10495443589637815
C_rand,role_action_blind_binding,latent_common_cause,50,15,0.3,0.19103553500880954,0.437503504644534
C_rand,role_action_blind_binding,meta_law,50,2,0.04,0.011038884327619805,0.1346009068750702
C_rand,role_action_blind_binding,property_to_relation,50,33,0.66,0.521538260502326,0.7756305077749992
C_rand,role_action_blind_binding,state_invention,50,0,0.0,6.938893903907228e-18,0.07134759913335872
C_rand,role_action_blind_binding,triadic_relation_reification,100,13,0.13,0.07757167427240512,0.20980351440076428
C_rand,role_action_blind_binding,unification,50,0,0.0,6.938893903907228e-18,0.07134759913335872
DeepSeek_grammar,aligned,causal_ambiguity,12,0,0.0,2.7755575615628914e-17,0.24249400665524085
DeepSeek_grammar,aligned,coordinate_transform,12,0,0.0,2.7755575615628914e-17,0.24249400665524085
DeepSeek_grammar,aligned,hidden_regimes,12,0,0.0,2.7755575615628914e-17,0.24249400665524085
DeepSeek_grammar,aligned,latent_common_cause,12,0,0.0,2.7755575615628914e-17,0.24249400665524085
DeepSeek_grammar,aligned,meta_law,12,9,0.75,0.46769466506643426,0.9110583316059453
DeepSeek_grammar,aligned,property_to_relation,12,0,0.0,2.7755575615628914e-17,0.24249400665524085
DeepSeek_grammar,aligned,state_invention,12,0,0.0,2.7755575615628914e-17,0.24249400665524085
DeepSeek_grammar,aligned,unification,12,6,0.5,0.2537815976337061,0.7462184023662939
DeepSeek_grammar,mask_signature:bound_relation,causal_ambiguity,12,0,0.0,2.7755575615628914e-17,0.24249400665524085
DeepSeek_grammar,mask_signature:bound_relation,coordinate_transform,12,0,0.0,2.7755575615628914e-17,0.24249400665524085
DeepSeek_grammar,mask_signature:bound_relation,hidden_regimes,12,0,0.0,2.7755575615628914e-17,0.24249400665524085
DeepSeek_grammar,mask_signature:bound_relation,latent_common_cause,12,0,0.0,2.7755575615628914e-17,0.24249400665524085
DeepSeek_grammar,mask_signature:bound_relation,meta_law,12,9,0.75,0.46769466506643426,0.9110583316059453
DeepSeek_grammar,mask_signature:bound_relation,property_to_relation,12,0,0.0,2.7755575615628914e-17,0.24249400665524085
DeepSeek_grammar,mask_signature:bound_relation,state_invention,12,0,0.0,2.7755575615628914e-17,0.24249400665524085
DeepSeek_grammar,mask_signature:bound_relation,unification,12,6,0.5,0.2537815976337061,0.7462184023662939
DeepSeek_grammar,mask_signature:multi_argument_function,causal_ambiguity,12,0,0.0,2.7755575615628914e-17,0.24249400665524085
DeepSeek_grammar,mask_signature:multi_argument_function,coordinate_transform,12,0,0.0,2.7755575615628914e-17,0.24249400665524085
DeepSeek_grammar,mask_signature:multi_argument_function,hidden_regimes,12,0,0.0,2.7755575615628914e-17,0.24249400665524085
DeepSeek_grammar,mask_signature:multi_argument_function,latent_common_cause,12,0,0.0,2.7755575615628914e-17,0.24249400665524085
DeepSeek_grammar,mask_signature:multi_argument_function,meta_law,12,0,0.0,2.7755575615628914e-17,0.24249400665524085
DeepSeek_grammar,mask_signature:multi_argument_function,property_to_relation,12,0,0.0,2.7755575615628914e-17,0.24249400665524085
DeepSeek_grammar,mask_signature:multi_argument_function,state_invention,12,0,0.0,2.7755575615628914e-17,0.24249400665524085
DeepSeek_grammar,mask_signature:multi_argument_function,unification,12,0,0.0,2.7755575615628914e-17,0.24249400665524085
DeepSeek_grammar,mask_signature:relation_arity_3,causal_ambiguity,12,0,0.0,2.7755575615628914e-17,0.24249400665524085
DeepSeek_grammar,mask_signature:relation_arity_3,coordinate_transform,12,0,0.0,2.7755575615628914e-17,0.24249400665524085
DeepSeek_grammar,mask_signature:relation_arity_3,hidden_regimes,12,0,0.0,2.7755575615628914e-17,0.24249400665524085
DeepSeek_grammar,mask_signature:relation_arity_3,latent_common_cause,12,0,0.0,2.7755575615628914e-17,0.24249400665524085
DeepSeek_grammar,mask_signature:relation_arity_3,meta_law,12,9,0.75,0.46769466506643426,0.9110583316059453
DeepSeek_grammar,mask_signature:relation_arity_3,property_to_relation,12,0,0.0,2.7755575615628914e-17,0.24249400665524085
DeepSeek_grammar,mask_signature:relation_arity_3,state_invention,12,0,0.0,2.7755575615628914e-17,0.24249400665524085
DeepSeek_grammar,mask_signature:relation_arity_3,unification,12,6,0.5,0.2537815976337061,0.7462184023662939
DeepSeek_grammar,mask_signature:self_composed_function,causal_ambiguity,12,0,0.0,2.7755575615628914e-17,0.24249400665524085
DeepSeek_grammar,mask_signature:self_composed_function,coordinate_transform,12,0,0.0,2.7755575615628914e-17,0.24249400665524085
DeepSeek_grammar,mask_signature:self_composed_function,hidden_regimes,12,0,0.0,2.7755575615628914e-17,0.24249400665524085
DeepSeek_grammar,mask_signature:self_composed_function,latent_common_cause,12,0,0.0,2.7755575615628914e-17,0.24249400665524085
DeepSeek_grammar,mask_signature:self_composed_function,meta_law,12,9,0.75,0.46769466506643426,0.9110583316059453
DeepSeek_grammar,mask_signature:self_composed_function,property_to_relation,12,0,0.0,2.7755575615628914e-17,0.24249400665524085
DeepSeek_grammar,mask_signature:self_composed_function,state_invention,12,0,0.0,2.7755575615628914e-17,0.24249400665524085
DeepSeek_grammar,mask_signature:self_composed_function,unification,12,6,0.5,0.2537815976337061,0.7462184023662939
DeepSeek_grammar,mask_signature:shared_rule_binding,causal_ambiguity,12,0,0.0,2.7755575615628914e-17,0.24249400665524085
DeepSeek_grammar,mask_signature:shared_rule_binding,coordinate_transform,12,0,0.0,2.7755575615628914e-17,0.24249400665524085
DeepSeek_grammar,mask_signature:shared_rule_binding,hidden_regimes,12,0,0.0,2.7755575615628914e-17,0.24249400665524085
DeepSeek_grammar,mask_signature:shared_rule_binding,latent_common_cause,12,0,0.0,2.7755575615628914e-17,0.24249400665524085
DeepSeek_grammar,mask_signature:shared_rule_binding,meta_law,12,9,0.75,0.46769466506643426,0.9110583316059453
DeepSeek_grammar,mask_signature:shared_rule_binding,property_to_relation,12,0,0.0,2.7755575615628914e-17,0.24249400665524085
DeepSeek_grammar,mask_signature:shared_rule_binding,state_invention,12,0,0.0,2.7755575615628914e-17,0.24249400665524085
DeepSeek_grammar,mask_signature:shared_rule_binding,unification,12,6,0.5,0.2537815976337061,0.7462184023662939
DeepSeek_grammar,mask_signature:temporally_indexed_recurrence,causal_ambiguity,12,0,0.0,2.7755575615628914e-17,0.24249400665524085
DeepSeek_grammar,mask_signature:temporally_indexed_recurrence,coordinate_transform,12,0,0.0,2.7755575615628914e-17,0.24249400665524085
DeepSeek_grammar,mask_signature:temporally_indexed_recurrence,hidden_regimes,12,0,0.0,2.7755575615628914e-17,0.24249400665524085
DeepSeek_grammar,mask_signature:temporally_indexed_recurrence,latent_common_cause,12,0,0.0,2.7755575615628914e-17,0.24249400665524085
DeepSeek_grammar,mask_signature:temporally_indexed_recurrence,meta_law,12,9,0.75,0.46769466506643426,0.9110583316059453
DeepSeek_grammar,mask_signature:temporally_indexed_recurrence,property_to_relation,12,0,0.0,2.7755575615628914e-17,0.24249400665524085
DeepSeek_grammar,mask_signature:temporally_indexed_recurrence,state_invention,12,0,0.0,2.7755575615628914e-17,0.24249400665524085
DeepSeek_grammar,mask_signature:temporally_indexed_recurrence,unification,12,6,0.5,0.2537815976337061,0.7462184023662939
DeepSeek_grammar,mask_signature:unobserved_dependency,causal_ambiguity,12,0,0.0,2.7755575615628914e-17,0.24249400665524085
DeepSeek_grammar,mask_signature:unobserved_dependency,coordinate_transform,12,0,0.0,2.7755575615628914e-17,0.24249400665524085
DeepSeek_grammar,mask_signature:unobserved_dependency,hidden_regimes,12,0,0.0,2.7755575615628914e-17,0.24249400665524085
DeepSeek_grammar,mask_signature:unobserved_dependency,latent_common_cause,12,0,0.0,2.7755575615628914e-17,0.24249400665524085
DeepSeek_grammar,mask_signature:unobserved_dependency,meta_law,12,9,0.75,0.46769466506643426,0.9110583316059453
DeepSeek_grammar,mask_signature:unobserved_dependency,property_to_relation,12,0,0.0,2.7755575615628914e-17,0.24249400665524085
DeepSeek_grammar,mask_signature:unobserved_dependency,state_invention,12,0,0.0,2.7755575615628914e-17,0.24249400665524085
DeepSeek_grammar,mask_signature:unobserved_dependency,unification,12,6,0.5,0.2537815976337061,0.7462184023662939
DeepSeek_grammar,mask_signature:unobserved_selector,causal_ambiguity,12,0,0.0,2.7755575615628914e-17,0.24249400665524085
DeepSeek_grammar,mask_signature:unobserved_selector,coordinate_transform,12,0,0.0,2.7755575615628914e-17,0.24249400665524085
DeepSeek_grammar,mask_signature:unobserved_selector,hidden_regimes,12,0,0.0,2.7755575615628914e-17,0.24249400665524085
DeepSeek_grammar,mask_signature:unobserved_selector,latent_common_cause,12,0,0.0,2.7755575615628914e-17,0.24249400665524085
DeepSeek_grammar,mask_signature:unobserved_selector,meta_law,12,9,0.75,0.46769466506643426,0.9110583316059453
DeepSeek_grammar,mask_signature:unobserved_selector,property_to_relation,12,0,0.0,2.7755575615628914e-17,0.24249400665524085
DeepSeek_grammar,mask_signature:unobserved_selector,state_invention,12,0,0.0,2.7755575615628914e-17,0.24249400665524085
DeepSeek_grammar,mask_signature:unobserved_selector,unification,12,6,0.5,0.2537815976337061,0.7462184023662939
DeepSeek_grammar,motif_disabled,causal_ambiguity,12,0,0.0,2.7755575615628914e-17,0.24249400665524085
DeepSeek_grammar,motif_disabled,coordinate_transform,12,0,0.0,2.7755575615628914e-17,0.24249400665524085
DeepSeek_grammar,motif_disabled,hidden_regimes,12,0,0.0,2.7755575615628914e-17,0.24249400665524085
DeepSeek_grammar,motif_disabled,latent_common_cause,12,0,0.0,2.7755575615628914e-17,0.24249400665524085
DeepSeek_grammar,motif_disabled,meta_law,12,0,0.0,2.7755575615628914e-17,0.24249400665524085
DeepSeek_grammar,motif_disabled,property_to_relation,12,0,0.0,2.7755575615628914e-17,0.24249400665524085
DeepSeek_grammar,motif_disabled,state_invention,12,0,0.0,2.7755575615628914e-17,0.24249400665524085
DeepSeek_grammar,motif_disabled,unification,12,0,0.0,2.7755575615628914e-17,0.24249400665524085
DeepSeek_grammar,role_action_blind_binding,causal_ambiguity,12,0,0.0,2.7755575615628914e-17,0.24249400665524085
DeepSeek_grammar,role_action_blind_binding,coordinate_transform,12,0,0.0,2.7755575615628914e-17,0.24249400665524085
DeepSeek_grammar,role_action_blind_binding,hidden_regimes,12,0,0.0,2.7755575615628914e-17,0.24249400665524085
DeepSeek_grammar,role_action_blind_binding,latent_common_cause,12,0,0.0,2.7755575615628914e-17,0.24249400665524085
DeepSeek_grammar,role_action_blind_binding,meta_law,12,5,0.4166666666666667,0.19326031365875665,0.6804886874504503
DeepSeek_grammar,role_action_blind_binding,property_to_relation,12,0,0.0,2.7755575615628914e-17,0.24249400665524085
DeepSeek_grammar,role_action_blind_binding,state_invention,12,0,0.0,2.7755575615628914e-17,0.24249400665524085
DeepSeek_grammar,role_action_blind_binding,unification,12,3,0.25,0.08894166839405471,0.5323053349335657
